query,domain,site_data/description,site_data/keywords,site_data/title,external_emails/0/value,external_emails/0/sources/0/ref,external_emails/0/sources/0/extracted_on,external_emails/0/sources/0/updated_on,external_emails/1/value,external_emails/1/sources/0/ref,external_emails/1/sources/0/extracted_on,external_emails/1/sources/0/updated_on,phones/0/value,phones/0/sources/0/ref,phones/0/sources/0/extracted_on,phones/0/sources/0/updated_on,phones/1/value,phones/1/sources/0/ref,phones/1/sources/0/extracted_on,phones/1/sources/0/updated_on,phones/2/value,phones/2/sources/0/ref,phones/2/sources/0/extracted_on,phones/2/sources/0/updated_on,phones/3/value,phones/3/sources/0/ref,phones/3/sources/0/extracted_on,phones/3/sources/0/updated_on,phones/4/value,phones/4/sources/0/ref,phones/4/sources/0/extracted_on,phones/4/sources/0/updated_on,phones/5/value,phones/5/sources/0/ref,phones/5/sources/0/extracted_on,phones/5/sources/0/updated_on,phones/6/value,phones/6/sources/0/ref,phones/6/sources/0/extracted_on,phones/6/sources/0/updated_on,external_emails/0/sources/1/ref,external_emails/0/sources/1/extracted_on,external_emails/0/sources/1/updated_on,external_emails/0/sources/2/ref,external_emails/0/sources/2/extracted_on,external_emails/0/sources/2/updated_on,external_emails/0/sources/3/ref,external_emails/0/sources/3/extracted_on,external_emails/0/sources/3/updated_on,external_emails/0/sources/4/ref,external_emails/0/sources/4/extracted_on,external_emails/0/sources/4/updated_on,external_emails/1/sources/1/ref,external_emails/1/sources/1/extracted_on,external_emails/1/sources/1/updated_on,external_emails/1/sources/2/ref,external_emails/1/sources/2/extracted_on,external_emails/1/sources/2/updated_on,external_emails/1/sources/3/ref,external_emails/1/sources/3/extracted_on,external_emails/1/sources/3/updated_on,external_emails/1/sources/4/ref,external_emails/1/sources/4/extracted_on,external_emails/1/sources/4/updated_on,external_emails/2/value,external_emails/2/sources/0/ref,external_emails/2/sources/0/extracted_on,external_emails/2/sources/0/updated_on,socials/facebook,socials/instagram,socials/twitter,socials/youtube,emails/0/value,emails/0/sources/0/ref,emails/0/sources/0/extracted_on,emails/0/sources/0/updated_on,emails/0/sources/1/ref,emails/0/sources/1/extracted_on,emails/0/sources/1/updated_on,emails/0/sources/2/ref,emails/0/sources/2/extracted_on,emails/0/sources/2/updated_on,site_data/generator,emails/1/value,emails/1/sources/0/ref,emails/1/sources/0/extracted_on,emails/1/sources/0/updated_on,emails/1/sources/1/ref,emails/1/sources/1/extracted_on,emails/1/sources/1/updated_on,emails/1/sources/2/ref,emails/1/sources/2/extracted_on,emails/1/sources/2/updated_on,emails/2/value,emails/2/sources/0/ref,emails/2/sources/0/extracted_on,emails/2/sources/0/updated_on,emails/2/sources/1/ref,emails/2/sources/1/extracted_on,emails/2/sources/1/updated_on,emails/2/sources/2/ref,emails/2/sources/2/extracted_on,emails/2/sources/2/updated_on,emails/3/value,emails/3/sources/0/ref,emails/3/sources/0/extracted_on,emails/3/sources/0/updated_on,emails/3/sources/1/ref,emails/3/sources/1/extracted_on,emails/3/sources/1/updated_on,emails/3/sources/2/ref,emails/3/sources/2/extracted_on,emails/3/sources/2/updated_on,emails/4/value,emails/4/sources/0/ref,emails/4/sources/0/extracted_on,emails/4/sources/0/updated_on,emails/4/sources/1/ref,emails/4/sources/1/extracted_on,emails/4/sources/1/updated_on,emails/4/sources/2/ref,emails/4/sources/2/extracted_on,emails/4/sources/2/updated_on,emails/5/value,emails/5/sources/0/ref,emails/5/sources/0/extracted_on,emails/5/sources/0/updated_on,emails/5/sources/1/ref,emails/5/sources/1/extracted_on,emails/5/sources/1/updated_on,emails/5/sources/2/ref,emails/5/sources/2/extracted_on,emails/5/sources/2/updated_on,emails/6/value,emails/6/sources/0/ref,emails/6/sources/0/extracted_on,emails/6/sources/0/updated_on,emails/6/sources/1/ref,emails/6/sources/1/extracted_on,emails/6/sources/1/updated_on,emails/6/sources/2/ref,emails/6/sources/2/extracted_on,emails/6/sources/2/updated_on,emails/7/value,emails/7/sources/0/ref,emails/7/sources/0/extracted_on,emails/7/sources/0/updated_on,emails/8/value,emails/8/sources/0/ref,emails/8/sources/0/extracted_on,emails/8/sources/0/updated_on,emails/9/value,emails/9/sources/0/ref,emails/9/sources/0/extracted_on,emails/9/sources/0/updated_on,external_emails/3/value,external_emails/3/full_name,external_emails/3/title,external_emails/3/sources/0/ref,external_emails/3/sources/0/extracted_on,external_emails/3/sources/0/updated_on,external_emails/4/value,external_emails/4/full_name,external_emails/4/title,external_emails/4/sources/0/ref,external_emails/4/sources/0/extracted_on,external_emails/4/sources/0/updated_on,external_emails/5/value,external_emails/5/full_name,external_emails/5/title,external_emails/5/sources/0/ref,external_emails/5/sources/0/extracted_on,external_emails/5/sources/0/updated_on,external_emails/6/value,external_emails/6/full_name,external_emails/6/title,external_emails/6/sources/0/ref,external_emails/6/sources/0/extracted_on,external_emails/6/sources/0/updated_on,external_emails/7/value,external_emails/7/full_name,external_emails/7/title,external_emails/7/sources/0/ref,external_emails/7/sources/0/extracted_on,external_emails/7/sources/0/updated_on,external_emails/8/value,external_emails/8/full_name,external_emails/8/title,external_emails/8/sources/0/ref,external_emails/8/sources/0/extracted_on,external_emails/8/sources/0/updated_on,external_emails/9/value,external_emails/9/full_name,external_emails/9/title,external_emails/9/sources/0/ref,external_emails/9/sources/0/extracted_on,external_emails/9/sources/0/updated_on,socials/linkedin,phones/0/sources/1/ref,phones/0/sources/1/extracted_on,phones/0/sources/1/updated_on,phones/0/sources/2/ref,phones/0/sources/2/extracted_on,phones/0/sources/2/updated_on,emails/2/full_name,emails/2/title,phones/3/sources/1/ref,phones/3/sources/1/extracted_on,phones/3/sources/1/updated_on,phones/3/sources/2/ref,phones/3/sources/2/extracted_on,phones/3/sources/2/updated_on,phones/1/sources/1/ref,phones/1/sources/1/extracted_on,phones/1/sources/1/updated_on,phones/1/sources/2/ref,phones/1/sources/2/extracted_on,phones/1/sources/2/updated_on,phones/2/sources/1/ref,phones/2/sources/1/extracted_on,phones/2/sources/1/updated_on,phones/2/sources/2/ref,phones/2/sources/2/extracted_on,phones/2/sources/2/updated_on,phones/4/sources/1/ref,phones/4/sources/1/extracted_on,phones/4/sources/1/updated_on,phones/4/sources/2/ref,phones/4/sources/2/extracted_on,phones/4/sources/2/updated_on,phones/5/sources/1/ref,phones/5/sources/1/extracted_on,phones/5/sources/1/updated_on,phones/5/sources/2/ref,phones/5/sources/2/extracted_on,phones/5/sources/2/updated_on,phones/6/sources/1/ref,phones/6/sources/1/extracted_on,phones/6/sources/1/updated_on,phones/6/sources/2/ref,phones/6/sources/2/extracted_on,phones/6/sources/2/updated_on,phones/7/value,phones/7/sources/0/ref,phones/7/sources/0/extracted_on,phones/7/sources/0/updated_on,phones/7/sources/1/ref,phones/7/sources/1/extracted_on,phones/7/sources/1/updated_on,phones/7/sources/2/ref,phones/7/sources/2/extracted_on,phones/7/sources/2/updated_on,phones/8/value,phones/8/sources/0/ref,phones/8/sources/0/extracted_on,phones/8/sources/0/updated_on,phones/8/sources/1/ref,phones/8/sources/1/extracted_on,phones/8/sources/1/updated_on,phones/8/sources/2/ref,phones/8/sources/2/extracted_on,phones/8/sources/2/updated_on,phones/9/value,phones/9/sources/0/ref,phones/9/sources/0/extracted_on,phones/9/sources/0/updated_on,phones/9/sources/1/ref,phones/9/sources/1/extracted_on,phones/9/sources/1/updated_on,phones/9/sources/2/ref,phones/9/sources/2/extracted_on,phones/9/sources/2/updated_on,emails/3/full_name,emails/3/title,emails/4/full_name,emails/4/title,emails/5/full_name,emails/5/title,emails/6/full_name,emails/6/title,emails/7/full_name,emails/7/title,emails/8/full_name,emails/8/title,emails/9/full_name,emails/9/title,emails/10/value,emails/10/sources/0/ref,emails/10/sources/0/extracted_on,emails/10/sources/0/updated_on,emails/11/value,emails/11/sources/0/ref,emails/11/sources/0/extracted_on,emails/11/sources/0/updated_on,emails/12/value,emails/12/sources/0/ref,emails/12/sources/0/extracted_on,emails/12/sources/0/updated_on,emails/13/value,emails/13/sources/0/ref,emails/13/sources/0/extracted_on,emails/13/sources/0/updated_on,emails/14/value,emails/14/sources/0/ref,emails/14/sources/0/extracted_on,emails/14/sources/0/updated_on,emails/15/value,emails/15/sources/0/ref,emails/15/sources/0/extracted_on,emails/15/sources/0/updated_on,emails/16/value,emails/16/sources/0/ref,emails/16/sources/0/extracted_on,emails/16/sources/0/updated_on,emails/17/value,emails/17/sources/0/ref,emails/17/sources/0/extracted_on,emails/17/sources/0/updated_on,emails/18/value,emails/18/sources/0/ref,emails/18/sources/0/extracted_on,emails/18/sources/0/updated_on,emails/19/value,emails/19/sources/0/ref,emails/19/sources/0/extracted_on,emails/19/sources/0/updated_on,emails/20/value,emails/20/sources/0/ref,emails/20/sources/0/extracted_on,emails/20/sources/0/updated_on,external_emails/1/full_name,external_emails/1/title,external_emails/2/full_name,external_emails/2/title,emails/0/full_name,emails/0/title,emails/1/full_name,emails/1/title,external_emails/0/full_name,external_emails/0/title
https://locations.mcalistersdeli.com/tx/dallas/4101-lemmon-ave?utm_source=google&utm_medium=organic&utm_campaign=locations_partner,locations.mcalistersdeli.com,"Browse all McAlister's Deli locations in the United States | Enjoy America's favorite sandwiches, soups, salads, spuds, and more. Learn more about dining in, catering, or delivery.",,All McAlister's Deli locations in the United States | Deli Restaurant & Sandwich Shop Near Me,catering@shmcalisters.com,https://locations.mcalistersdeli.com/id/twin-falls/1720-pole-line-road-east,2021-08-20T16:15:57.501000,2021-10-20T13:32:03.061000,lakedelton.mcalisters@gmail.com,https://locations.mcalistersdeli.com/wi/lake-delton/100-gasser-road,2021-08-20T16:15:57.501000,2021-10-20T13:32:03.061000,18148653869,https://locations.mcalistersdeli.com/pa/university-park/28-hub-robeson-center,2021-10-20T11:55:23.348000,2021-10-20T13:32:03.061000,17015323354,https://locations.mcalistersdeli.com/nd/fargo/5600-28th-ave-south,2021-10-20T11:55:23.348000,2021-10-20T11:55:23.348000,13077422864,https://locations.mcalistersdeli.com/wy/laramie/2317-grand-avenue,2021-10-20T11:55:23.348000,2021-10-20T13:32:03.061000,16082530997,https://locations.mcalistersdeli.com/wi/lake-delton/100-gasser-road,2021-10-20T13:32:03.061000,2021-10-20T13:32:03.061000,6082530997,https://locations.mcalistersdeli.com/wi/lake-delton/100-gasser-road,2021-10-20T13:32:03.061000,2021-10-20T13:32:03.061000,12089635892,https://locations.mcalistersdeli.com/id/twin-falls/1720-pole-line-road-east,2021-10-20T13:32:03.061000,2021-10-20T13:32:03.061000,8664383900,https://locations.mcalistersdeli.com/id/twin-falls/1720-pole-line-road-east,2021-10-20T13:32:03.061000,2021-10-20T13:32:03.061000,,,,,,,,,,,,,,,,,,,,,,,,,,,,,,,,,,,,,,,,,,,,,,,,,,,,,,,,,,,,,,,,,,,,,,,,,,,,,,,,,,,,,,,,,,,,,,,,,,,,,,,,,,,,,,,,,,,,,,,,,,,,,,,,,,,,,,,,,,,,,,,,,,,,,,,,,,,,,,,,,,,,,,,,,,,,,,,,,,,,,,,,,,,,,,,,,,,,,,,,,,,,,,,,,,,,,,,,,,,,,,,,,,,,,,,,,,,,,,,,,,,,,,,,,,,,,,,,,,,,,,,,,,,,,,,,,,,,,,,,,,,,,,,,,,,,,,,,,,,,
https://www.landmarkrestodallas.com/the-library-bar?utm_source=google&utm_medium=local&utm_campaign=seo_restaurants,landmarkrestodallas.com,"Welcome to The Landmark Restaurant OFFICIAL WEBSITE! Our restaurant, in the iconic Warwick Melrose - Dallas, offers live music & delicious dishes. Book your table!",,The Landmark Restaurant | Live Music Restaurant in Uptown Dallas,info.dallas@warwickhotels.com,https://www.landmarkrestodallas.com/,2021-08-17T04:04:48.095000,2021-08-17T04:04:48.095000,sales.dallas@warwickhotels.com,https://www.landmarkrestodallas.com/,2021-08-17T04:04:48.095000,2021-08-17T04:04:48.095000,+1 214-521-5151,fb,2022-01-03T20:27:23.287000,2022-01-03T20:27:23.287000,,,,,,,,,,,,,,,,,,,,,,,,,https://www.landmarkrestodallas.com/contact-and-location,2021-08-17T04:04:48.095000,2021-08-17T04:04:48.095000,https://www.landmarkrestodallas.com/the-library-bar,2021-08-17T04:04:48.095000,2021-08-17T04:04:48.095000,https://www.landmarkrestodallas.com/gallery,2021-08-17T04:04:48.095000,2021-08-17T04:04:48.095000,https://www.landmarkrestodallas.com/menu,2021-08-17T04:04:48.095000,2021-08-17T04:04:48.095000,https://www.landmarkrestodallas.com/contact-and-location,2021-08-17T04:04:48.095000,2021-08-17T04:04:48.095000,https://www.landmarkrestodallas.com/the-library-bar,2021-08-17T04:04:48.095000,2021-08-17T04:04:48.095000,https://www.landmarkrestodallas.com/gallery,2021-08-17T04:04:48.095000,2021-08-17T04:04:48.095000,https://www.landmarkrestodallas.com/menu,2021-08-17T04:04:48.095000,2021-08-17T04:04:48.095000,awright@warwickhotels.com,fb,2022-01-03T20:27:23.287000,2022-01-03T20:27:23.287000,https://www.facebook.com/warwickdallas,https://www.instagram.com/warwickmelrose,https://twitter.com/warwickmelrose,,,,,,,,,,,,,,,,,,,,,,,,,,,,,,,,,,,,,,,,,,,,,,,,,,,,,,,,,,,,,,,,,,,,,,,,,,,,,,,,,,,,,,,,,,,,,,,,,,,,,,,,,,,,,,,,,,,,,,,,,,,,,,,,,,,,,,,,,,,,,,,,,,,,,,,,,,,,,,,,,,,,,,,,,,,,,,,,,,,,,,,,,,,,,,,,,,,,,,,,,,,,,,,,,,,,,,,,,,,,,,,,,,,,,,,,,,,,,,,,,,,,,,,,,,,,,,,,,,,,,,,,,,,,,
https://locations.jimmyjohns.com/tx/dallas/sandwiches-2669.html?utm_source=google%20my%20business&utm_medium=organic&utm_campaign=website%20link,locations.jimmyjohns.com,Looking for a delicious lunch or food catering for your company event?  Stop by your local Jimmy John's for one our renowned sandwiches.  We also bring the meal to your doorstep with our convenient food delivery service.,"catering near me, food delivery near me, jimmy johns, lunch near me, sandwiches near me",Lunches Sandwiches & Food Delivery Near You | Jimmy John's Locator,,,,,,,,,,,,,,,,,,,,,,,,,,,,,,,,,,,,,,,,,,,,,,,,,,,,,,,,,,,,,,,,,https://www.facebook.com/jimmyjohns/,https://www.instagram.com/jimmyjohns,https://twitter.com/jimmyjohns,https://www.youtube.com/user/jimmyjohns,,,,,,,,,,,,,,,,,,,,,,,,,,,,,,,,,,,,,,,,,,,,,,,,,,,,,,,,,,,,,,,,,,,,,,,,,,,,,,,,,,,,,,,,,,,,,,,,,,,,,,,,,,,,,,,,,,,,,,,,,,,,,,,,,,,,,,,,,,,,,,,,,,,,,,,,,,,,,,,,,,,,,,,,,,,,,,,,,,,,,,,,,,,,,,,,,,,,,,,,,,,,,,,,,,,,,,,,,,,,,,,,,,,,,,,,,,,,,,,,,,,,,,,,,,,,,,,,,,,,,,,,,,,,
https://www.mychocolatesecrets.com/,mychocolatesecrets.com,"Chocolate Secrets is a gourmet chocolate and fine wine restaurant headquartered at 3926 Oak Lawn Avenue in Dallas, Texas. Our chocolates and confections are made with organic, natural and premium ingredients.Chocolate Secrets is home to Live Music, Cooking Classes, and Online Store for Delivery.",,Gourment Chocolate | Chocolate Secrets | United States,,,,,,,,,,,,,,,,,,,,,,,,,,,,,,,,,,,,,,,,,,,,,,,,,,,,,,,,,,,,,,,,,,,,,manager@mychocolatesecrets.com,https://www.mychocolatesecrets.com/,2021-10-15T11:01:06.627000,2021-10-15T11:01:06.627000,https://www.mychocolatesecrets.com/menu,2021-10-15T11:01:06.627000,2021-10-15T11:01:06.627000,https://www.mychocolatesecrets.com/open-mic-monday-sign-in-sheet,2021-10-15T11:01:06.627000,2021-10-15T11:01:06.627000,Wix.com Website Builder,,,,,,,,,,,,,,,,,,,,,,,,,,,,,,,,,,,,,,,,,,,,,,,,,,,,,,,,,,,,,,,,,,,,,,,,,,,,,,,,,,,,,,,,,,,,,,,,,,,,,,,,,,,,,,,,,,,,,,,,,,,,,,,,,,,,,,,,,,,,,,,,,,,,,,,,,,,,,,,,,,,,,,,,,,,,,,,,,,,,,,,,,,,,,,,,,,,,,,,,,,,,,,,,,,,,,,,,,,,,,,,,,,,,,,,,,,,,,,,,,,,,,,,,,,,,,,,,,
https://www.starbucks.com/store-locator/store/15920/,starbucks.com,"More than just great coffee. Explore the menu, sign up for Starbucks® Rewards, manage your gift card and more.",,Starbucks Coffee Company,starbucks.gaesteservice@amrest.eu,https://www.starbucks.com/terms/privacy-policy,2021-08-01T12:32:53.296000,2021-10-20T19:34:44.948000,ukinfo@support.starbucks.com,https://www.starbucks.com/terms/privacy-policy,2021-08-01T12:32:53.296000,2021-10-20T19:34:44.948000,,,,,,,,,,,,,,,,,,,,,,,,,,,,,,,,,,,,,,,,,,,,,,,,,,,,,service.clientele@starbucks.fr,https://www.starbucks.com/terms/privacy-policy,2021-10-20T11:55:23.348000,2021-10-20T19:34:44.948000,https://facebook.com/starbucks,https://instagram.com/starbucks,https://twitter.com/starbucks/,https://www.youtube.com/user/Starbucks,applicantaccommodation@starbucks.com,https://www.starbucks.com/careers/international-careers,2021-08-01T12:32:53.296000,2021-10-20T19:34:44.948000,https://www.starbucks.ca/careers/find-a-job/corporate,2021-09-23T01:33:37.256000,2021-09-23T01:33:37.256000,https://fr.starbucks.ca/carrieres/find-a-job/corporate,2021-10-17T16:09:28.082000,2021-10-17T16:09:28.082000,,privacy@starbucks.com,https://www.starbucks.com/terms/privacy-policy,2021-08-01T12:32:53.296000,2021-10-20T19:34:44.948000,https://www.starbucks.ca/terms/privacy-statement,2021-09-23T01:33:37.256000,2021-09-23T01:33:37.256000,https://www.starbucks.nl/about-us/company-information/online-policies/privacy-statement,2021-10-16T03:22:28.381000,2021-10-16T03:22:28.381000,info@starbucks.com,https://www.starbucks.com/terms/starbucks-terms-of-use,2021-08-01T12:32:53.296000,2021-10-20T19:34:44.948000,https://consciouskitchen513.com/?page_id=129,2021-08-17T04:04:48.095000,2021-08-17T04:04:48.095000,https://www.starbucks.ca/terms/starbucks-terms-of-use,2021-09-23T01:33:37.256000,2021-09-23T01:33:37.256000,u003einfo@starbucks.com,https://www.starbucks.com/terms/starbucks-terms-of-use,2021-08-01T12:32:53.296000,2021-10-20T19:34:44.948000,https://www.starbucks.ca/terms/starbucks-terms-of-use,2021-09-23T01:33:37.256000,2021-09-23T01:33:37.256000,https://fr.starbucks.ca/terms/starbucks-terms-of-use,2021-10-17T16:09:28.082000,2021-10-17T16:09:28.082000,ukinfo@starbucks.com,https://www.kingstoncentre.co.uk/,2021-09-11T13:03:59.914000,2021-09-11T13:03:59.914000,https://www.newmersey.co.uk/,2021-09-11T13:03:59.914000,2021-09-11T13:03:59.914000,https://www.broughtonshopping.co.uk/,2021-10-17T18:10:22.327000,2021-10-17T18:10:22.327000,ethicsandcompliance@starbucks.com,https://www.starbucks.az/about-us/company-information/business-ethics-and-compliance,2021-09-14T10:13:00.355000,2021-09-14T10:13:00.355000,https://www.starbucks.bg/about-us/company-information/business-ethics,2021-10-06T07:57:17.794000,2021-10-06T07:57:17.794000,https://www.starbucksromania.ro/about-us/company-information/business-ethics-and-compliance,2021-10-07T15:00:15.468000,2021-10-07T15:00:40.039000,press@starbucks.com,https://www.evolutionfresh.com/contact-us/,2021-10-07T22:17:31.124000,2021-10-07T22:17:31.124000,https://stories.starbucks.com/,2022-02-23T00:28:43.969000,2022-02-23T00:28:43.969000,https://stories.starbucks.com/contact/,2022-02-23T00:28:43.969000,2022-02-23T00:28:43.969000,us2601617@starbucks.com,https://san-diego-ca.toysfortots.org/local-coordinator-sites/lco-sites/donate-toys.aspx,2021-10-10T21:07:21.194000,2021-10-10T21:07:21.194000,us2336791@starbucks.com,https://san-diego-ca.toysfortots.org/local-coordinator-sites/lco-sites/donate-toys.aspx,2021-10-10T21:07:21.194000,2021-10-10T21:07:21.194000,businessconduct@starbucks.com,https://www.starbucks.in/about-us/company-information/business-ethics-and-compliance,2021-10-15T11:01:06.627000,2021-10-15T11:01:06.627000,fkissell@afce.com,Audrey Lincoff,Public Affairs Director,ZInfo,2022-03-02T18:00:47.122000,2022-03-02T18:00:47.122000,abernhard@waholdings.com,"Bernhard, Allison",Tenant Service Coordinator,ZInfo,2022-03-02T18:00:47.122000,2022-03-02T18:00:47.122000,beth_madaray@westernunion.com,"Madaray, Beth",Sales Executive,ZInfo,2022-03-02T18:00:47.122000,2022-03-02T18:00:47.122000,brettnirider@goodsamhealth.org,"Nirider, Brett",the Education Member,ZInfo,2022-03-02T18:00:47.122000,2022-03-02T18:00:47.122000,danielleplancich@goodsamhealth.org,"Plancich, Danielle",Application Analyst,ZInfo,2022-03-02T18:00:47.122000,2022-03-02T18:00:47.122000,jkeene@waholdings.com,"Keene, Josh",Senior Property Manager Assistant Vice...,ZInfo,2022-03-02T18:00:47.122000,2022-03-02T18:00:47.122000,jorge.rendon@clearwire.com,"Rendon, Jorge",Realtor,ZInfo,2022-03-02T18:00:47.122000,2022-03-02T18:00:47.122000,https://www.linkedin.com/company/starbucks,,,,,,,,,,,,,,,,,,,,,,,,,,,,,,,,,,,,,,,,,,,,,,,,,,,,,,,,,,,,,,,,,,,,,,,,,,,,,,,,,,,,,,,,,,,,,,,,,,,,,,,,,,,,,,,,,,,,,,,,,,,,,,,,,,,,,,,,,,,,,,
https://www.starbucks.com/store-locator/store/1008735/,starbucks.com,"More than just great coffee. Explore the menu, sign up for Starbucks® Rewards, manage your gift card and more.",,Starbucks Coffee Company,starbucks.gaesteservice@amrest.eu,https://www.starbucks.com/terms/privacy-policy,2021-08-01T12:32:53.296000,2021-10-20T19:34:44.948000,ukinfo@support.starbucks.com,https://www.starbucks.com/terms/privacy-policy,2021-08-01T12:32:53.296000,2021-10-20T19:34:44.948000,,,,,,,,,,,,,,,,,,,,,,,,,,,,,,,,,,,,,,,,,,,,,,,,,,,,,service.clientele@starbucks.fr,https://www.starbucks.com/terms/privacy-policy,2021-10-20T11:55:23.348000,2021-10-20T19:34:44.948000,https://facebook.com/starbucks,https://instagram.com/starbucks,https://twitter.com/starbucks/,https://www.youtube.com/user/Starbucks,applicantaccommodation@starbucks.com,https://www.starbucks.com/careers/international-careers,2021-08-01T12:32:53.296000,2021-10-20T19:34:44.948000,https://www.starbucks.ca/careers/find-a-job/corporate,2021-09-23T01:33:37.256000,2021-09-23T01:33:37.256000,https://fr.starbucks.ca/carrieres/find-a-job/corporate,2021-10-17T16:09:28.082000,2021-10-17T16:09:28.082000,,privacy@starbucks.com,https://www.starbucks.com/terms/privacy-policy,2021-08-01T12:32:53.296000,2021-10-20T19:34:44.948000,https://www.starbucks.ca/terms/privacy-statement,2021-09-23T01:33:37.256000,2021-09-23T01:33:37.256000,https://www.starbucks.nl/about-us/company-information/online-policies/privacy-statement,2021-10-16T03:22:28.381000,2021-10-16T03:22:28.381000,info@starbucks.com,https://www.starbucks.com/terms/starbucks-terms-of-use,2021-08-01T12:32:53.296000,2021-10-20T19:34:44.948000,https://consciouskitchen513.com/?page_id=129,2021-08-17T04:04:48.095000,2021-08-17T04:04:48.095000,https://www.starbucks.ca/terms/starbucks-terms-of-use,2021-09-23T01:33:37.256000,2021-09-23T01:33:37.256000,u003einfo@starbucks.com,https://www.starbucks.com/terms/starbucks-terms-of-use,2021-08-01T12:32:53.296000,2021-10-20T19:34:44.948000,https://www.starbucks.ca/terms/starbucks-terms-of-use,2021-09-23T01:33:37.256000,2021-09-23T01:33:37.256000,https://fr.starbucks.ca/terms/starbucks-terms-of-use,2021-10-17T16:09:28.082000,2021-10-17T16:09:28.082000,ukinfo@starbucks.com,https://www.kingstoncentre.co.uk/,2021-09-11T13:03:59.914000,2021-09-11T13:03:59.914000,https://www.newmersey.co.uk/,2021-09-11T13:03:59.914000,2021-09-11T13:03:59.914000,https://www.broughtonshopping.co.uk/,2021-10-17T18:10:22.327000,2021-10-17T18:10:22.327000,ethicsandcompliance@starbucks.com,https://www.starbucks.az/about-us/company-information/business-ethics-and-compliance,2021-09-14T10:13:00.355000,2021-09-14T10:13:00.355000,https://www.starbucks.bg/about-us/company-information/business-ethics,2021-10-06T07:57:17.794000,2021-10-06T07:57:17.794000,https://www.starbucksromania.ro/about-us/company-information/business-ethics-and-compliance,2021-10-07T15:00:15.468000,2021-10-07T15:00:40.039000,press@starbucks.com,https://www.evolutionfresh.com/contact-us/,2021-10-07T22:17:31.124000,2021-10-07T22:17:31.124000,https://stories.starbucks.com/,2022-02-23T00:28:43.969000,2022-02-23T00:28:43.969000,https://stories.starbucks.com/contact/,2022-02-23T00:28:43.969000,2022-02-23T00:28:43.969000,us2601617@starbucks.com,https://san-diego-ca.toysfortots.org/local-coordinator-sites/lco-sites/donate-toys.aspx,2021-10-10T21:07:21.194000,2021-10-10T21:07:21.194000,us2336791@starbucks.com,https://san-diego-ca.toysfortots.org/local-coordinator-sites/lco-sites/donate-toys.aspx,2021-10-10T21:07:21.194000,2021-10-10T21:07:21.194000,businessconduct@starbucks.com,https://www.starbucks.in/about-us/company-information/business-ethics-and-compliance,2021-10-15T11:01:06.627000,2021-10-15T11:01:06.627000,fkissell@afce.com,Audrey Lincoff,Public Affairs Director,ZInfo,2022-03-02T18:00:47.122000,2022-03-02T18:00:47.122000,abernhard@waholdings.com,"Bernhard, Allison",Tenant Service Coordinator,ZInfo,2022-03-02T18:00:47.122000,2022-03-02T18:00:47.122000,beth_madaray@westernunion.com,"Madaray, Beth",Sales Executive,ZInfo,2022-03-02T18:00:47.122000,2022-03-02T18:00:47.122000,brettnirider@goodsamhealth.org,"Nirider, Brett",the Education Member,ZInfo,2022-03-02T18:00:47.122000,2022-03-02T18:00:47.122000,danielleplancich@goodsamhealth.org,"Plancich, Danielle",Application Analyst,ZInfo,2022-03-02T18:00:47.122000,2022-03-02T18:00:47.122000,jkeene@waholdings.com,"Keene, Josh",Senior Property Manager Assistant Vice...,ZInfo,2022-03-02T18:00:47.122000,2022-03-02T18:00:47.122000,jorge.rendon@clearwire.com,"Rendon, Jorge",Realtor,ZInfo,2022-03-02T18:00:47.122000,2022-03-02T18:00:47.122000,https://www.linkedin.com/company/starbucks,,,,,,,,,,,,,,,,,,,,,,,,,,,,,,,,,,,,,,,,,,,,,,,,,,,,,,,,,,,,,,,,,,,,,,,,,,,,,,,,,,,,,,,,,,,,,,,,,,,,,,,,,,,,,,,,,,,,,,,,,,,,,,,,,,,,,,,,,,,,,,
https://www.starbucks.com/store-locator/store/16897/,starbucks.com,"More than just great coffee. Explore the menu, sign up for Starbucks® Rewards, manage your gift card and more.",,Starbucks Coffee Company,starbucks.gaesteservice@amrest.eu,https://www.starbucks.com/terms/privacy-policy,2021-08-01T12:32:53.296000,2021-10-20T19:34:44.948000,ukinfo@support.starbucks.com,https://www.starbucks.com/terms/privacy-policy,2021-08-01T12:32:53.296000,2021-10-20T19:34:44.948000,,,,,,,,,,,,,,,,,,,,,,,,,,,,,,,,,,,,,,,,,,,,,,,,,,,,,service.clientele@starbucks.fr,https://www.starbucks.com/terms/privacy-policy,2021-10-20T11:55:23.348000,2021-10-20T19:34:44.948000,https://facebook.com/starbucks,https://instagram.com/starbucks,https://twitter.com/starbucks/,https://www.youtube.com/user/Starbucks,applicantaccommodation@starbucks.com,https://www.starbucks.com/careers/international-careers,2021-08-01T12:32:53.296000,2021-10-20T19:34:44.948000,https://www.starbucks.ca/careers/find-a-job/corporate,2021-09-23T01:33:37.256000,2021-09-23T01:33:37.256000,https://fr.starbucks.ca/carrieres/find-a-job/corporate,2021-10-17T16:09:28.082000,2021-10-17T16:09:28.082000,,privacy@starbucks.com,https://www.starbucks.com/terms/privacy-policy,2021-08-01T12:32:53.296000,2021-10-20T19:34:44.948000,https://www.starbucks.ca/terms/privacy-statement,2021-09-23T01:33:37.256000,2021-09-23T01:33:37.256000,https://www.starbucks.nl/about-us/company-information/online-policies/privacy-statement,2021-10-16T03:22:28.381000,2021-10-16T03:22:28.381000,info@starbucks.com,https://www.starbucks.com/terms/starbucks-terms-of-use,2021-08-01T12:32:53.296000,2021-10-20T19:34:44.948000,https://consciouskitchen513.com/?page_id=129,2021-08-17T04:04:48.095000,2021-08-17T04:04:48.095000,https://www.starbucks.ca/terms/starbucks-terms-of-use,2021-09-23T01:33:37.256000,2021-09-23T01:33:37.256000,u003einfo@starbucks.com,https://www.starbucks.com/terms/starbucks-terms-of-use,2021-08-01T12:32:53.296000,2021-10-20T19:34:44.948000,https://www.starbucks.ca/terms/starbucks-terms-of-use,2021-09-23T01:33:37.256000,2021-09-23T01:33:37.256000,https://fr.starbucks.ca/terms/starbucks-terms-of-use,2021-10-17T16:09:28.082000,2021-10-17T16:09:28.082000,ukinfo@starbucks.com,https://www.kingstoncentre.co.uk/,2021-09-11T13:03:59.914000,2021-09-11T13:03:59.914000,https://www.newmersey.co.uk/,2021-09-11T13:03:59.914000,2021-09-11T13:03:59.914000,https://www.broughtonshopping.co.uk/,2021-10-17T18:10:22.327000,2021-10-17T18:10:22.327000,ethicsandcompliance@starbucks.com,https://www.starbucks.az/about-us/company-information/business-ethics-and-compliance,2021-09-14T10:13:00.355000,2021-09-14T10:13:00.355000,https://www.starbucks.bg/about-us/company-information/business-ethics,2021-10-06T07:57:17.794000,2021-10-06T07:57:17.794000,https://www.starbucksromania.ro/about-us/company-information/business-ethics-and-compliance,2021-10-07T15:00:15.468000,2021-10-07T15:00:40.039000,press@starbucks.com,https://www.evolutionfresh.com/contact-us/,2021-10-07T22:17:31.124000,2021-10-07T22:17:31.124000,https://stories.starbucks.com/,2022-02-23T00:28:43.969000,2022-02-23T00:28:43.969000,https://stories.starbucks.com/contact/,2022-02-23T00:28:43.969000,2022-02-23T00:28:43.969000,us2601617@starbucks.com,https://san-diego-ca.toysfortots.org/local-coordinator-sites/lco-sites/donate-toys.aspx,2021-10-10T21:07:21.194000,2021-10-10T21:07:21.194000,us2336791@starbucks.com,https://san-diego-ca.toysfortots.org/local-coordinator-sites/lco-sites/donate-toys.aspx,2021-10-10T21:07:21.194000,2021-10-10T21:07:21.194000,businessconduct@starbucks.com,https://www.starbucks.in/about-us/company-information/business-ethics-and-compliance,2021-10-15T11:01:06.627000,2021-10-15T11:01:06.627000,fkissell@afce.com,Audrey Lincoff,Public Affairs Director,ZInfo,2022-03-02T18:00:47.122000,2022-03-02T18:00:47.122000,abernhard@waholdings.com,"Bernhard, Allison",Tenant Service Coordinator,ZInfo,2022-03-02T18:00:47.122000,2022-03-02T18:00:47.122000,beth_madaray@westernunion.com,"Madaray, Beth",Sales Executive,ZInfo,2022-03-02T18:00:47.122000,2022-03-02T18:00:47.122000,brettnirider@goodsamhealth.org,"Nirider, Brett",the Education Member,ZInfo,2022-03-02T18:00:47.122000,2022-03-02T18:00:47.122000,danielleplancich@goodsamhealth.org,"Plancich, Danielle",Application Analyst,ZInfo,2022-03-02T18:00:47.122000,2022-03-02T18:00:47.122000,jkeene@waholdings.com,"Keene, Josh",Senior Property Manager Assistant Vice...,ZInfo,2022-03-02T18:00:47.122000,2022-03-02T18:00:47.122000,jorge.rendon@clearwire.com,"Rendon, Jorge",Realtor,ZInfo,2022-03-02T18:00:47.122000,2022-03-02T18:00:47.122000,https://www.linkedin.com/company/starbucks,,,,,,,,,,,,,,,,,,,,,,,,,,,,,,,,,,,,,,,,,,,,,,,,,,,,,,,,,,,,,,,,,,,,,,,,,,,,,,,,,,,,,,,,,,,,,,,,,,,,,,,,,,,,,,,,,,,,,,,,,,,,,,,,,,,,,,,,,,,,,,
http://www.pekersbar.com/,pekersbar.com,,,Welcome to Pekers Bar Online!,,,,,,,,,,,,,,,,,,,,,,,,,,,,,,,,,,,,,,,,,,,,,,,,,,,,,,,,,,,,,,,,,http://www.facebook.com/PekersBar,,,,,,,,,,,,,,,,,,,,,,,,,,,,,,,,,,,,,,,,,,,,,,,,,,,,,,,,,,,,,,,,,,,,,,,,,,,,,,,,,,,,,,,,,,,,,,,,,,,,,,,,,,,,,,,,,,,,,,,,,,,,,,,,,,,,,,,,,,,,,,,,,,,,,,,,,,,,,,,,,,,,,,,,,,,,,,,,,,,,,,,,,,,,,,,,,,,,,,,,,,,,,,,,,,,,,,,,,,,,,,,,,,,,,,,,,,,,,,,,,,,,,,,,,,,,,,,,,,,,,,,,,,,,,,,
http://lalalandkindcafe.com/,lalalandkindcafe.com,,,La La Land Kind Cafe – Organic cafe with the purpose of hiring + mentoring foster youth,,,,,,,,,,,,,,,,,,,,,,,,,,,,,,,,,,,,,,,,,,,,,,,,,,,,,,,,,,,,,,,,,http://www.facebook.com/lalalandkindcafe/,https://www.instagram.com/lalalandkindcafe,,,info@lalalandkindcafe.com,https://lalalandkindcafe.com/,2021-10-07T09:20:58.317000,2021-10-07T09:20:58.317000,https://lalalandkindcafe.com/store/,2021-10-07T09:20:58.317000,2021-10-07T09:20:58.317000,https://lalalandkindcafe.com/locations/,2021-10-07T09:20:58.317000,2021-10-07T09:20:58.317000,"Powered by LayerSlider 6.11.7 - Multi-Purpose, Responsive, Parallax, Mobile-Friendly Slider Plugin for WordPress.",,,,,,,,,,,,,,,,,,,,,,,,,,,,,,,,,,,,,,,,,,,,,,,,,,,,,,,,,,,,,,,,,,,,,,,,,,,,,,,,,,,,,,,,,,,,,,,,,,,,,,,,,,,,,,,,,,,,,,,,,,,,,,,,,,,,,,,,,,,,,,,,,,,,,,,,,,,,,,,,,,,,,,,,,,,,,,,,,,,,,,,,,,,,,,,,,,,,,,,,,,,,,,,,,,,,,,,,,,,,,,,,,,,,,,,,,,,,,,,,,,,,,,,,,,,,,,,,,
https://www.mrmissterdtx.com/,mrmissterdtx.com,,,Home | Mr. Misster Dallas,,,,,,,,,,,,,,,,,,,,,,,,,,,,,,,,,,,,,,,,,,,,,,,,,,,,,,,,,,,,,,,,,,,,,hello@mrmissterdtx.com,https://www.mrmissterdtx.com/,2022-03-21T12:08:47.188000,2022-03-21T12:08:47.188000,,,,,,,Wix.com Website Builder,,,,,,,,,,,,,,,,,,,,,,,,,,,,,,,,,,,,,,,,,,,,,,,,,,,,,,,,,,,,,,,,,,,,,,,,,,,,,,,,,,,,,,,,,,,,,,,,,,,,,,,,,,,,,,,,,,,,,,,,,,,,,,,,,,,,,,,,,,,,,,,,,,,,,,,,,,,,,,,,,,,,,,,,,,,,,,,,,,,,,,,,,,,,,,,,,,,,,,,,,,,,,,,,,,,,,,,,,,,,,,,,,,,,,,,,,,,,,,,,,,,,,,,,,,,,,,,,,
http://www.jrsdallas.com/,jrsdallas.com,,,JR's Bar and Grill Dallas | Bar and Restaurant,,,,,,,,,1200,http://www.jrsdallas.com/,2021-10-15T11:01:06.627000,2021-10-15T11:01:06.627000,,,,,,,,,,,,,,,,,,,,,,,,,,,,,,,,,,,,,,,,,,,,,,,,,,,,,https://www.facebook.com/JrsDallas,https://www.instagram.com/p,https://twitter.com/jrsdallas,,,,,,,,,,,,Jr's Dallas v.1.0,,,,,,,,,,,,,,,,,,,,,,,,,,,,,,,,,,,,,,,,,,,,,,,,,,,,,,,,,,,,,,,,,,,,,,,,,,,,,,,,,,,,,,,,,,,,,,,,,,,,,,,,,,,,,,,,,,,,,,,,,,,,,,,,,,,,,,,,,,,,,,,,,,,,,,,,,,,,,,,,,,,,,,,,,,,,,,,,,,,,,,,,,,,,,,,,,,,,,,,,,,,,,,,,,,,,,,,,,,,,,,,,,,,,,,,,,,,,,,,,,,,,,,,,,,,,,,,,,
http://www.sevys.com/,sevys.com,,,Sevy's Grill,sevyscatering@aol.com,https://sevys.com/,2021-08-17T04:04:48.095000,2021-08-17T04:04:48.095000,,,,,,,,,,,,,,,,,,,,,,,,,,,,,,,,,https://sevys.com/news-1/,2021-08-17T04:04:48.095000,2021-08-17T04:04:48.095000,https://sevys.com/contact-1,2021-08-17T04:04:48.095000,2021-08-17T04:04:48.095000,https://sevys.com/news-1,2021-08-17T04:04:48.095000,2021-08-17T04:04:48.095000,,,,,,,,,,,,,,,,,,,,https://www.facebook.com/Sevys-Grill-108030515903804/,https://www.instagram.com/sevysgrill,,,,,,,,,,,,,,,,,,,,,,,,,,,,,,,,,,,,,,,,,,,,,,,,,,,,,,,,,,,,,,,,,,,,,,,,,,,,,,,,,,,,,,,,,,,,,,,,,,,,,,,,,,,,,,,,,,,,,,,,,,,,,,,,,,,,,,,,,,,,,,,,,,,,,,,,,,,,,,,,,,,,,,,,,,,,,,,,,,,,,,,,,,,,,,,,,,,,,,,,,,,,,,,,,,,,,,,,,,,,,,,,,,,,,,,,,,,,,,,,,,,,,,,,,,,,,,,,,,,,,,,,,,,,,,
http://ilbraccorestaurant.com/,ilbraccorestaurant.com,"il Bracco is an Italian restaurant in the heart of Dallas. We serve fresh classic Italian dishes, featuring pastas, fish and proteins butchered in-house.",,Home - Il Bracco,,,,,,,,,+1 214-361-0100,fb,2022-01-03T00:42:55.184000,2022-01-03T00:42:55.184000,,,,,,,,,,,,,,,,,,,,,,,,,,,,,,,,,,,,,,,,,,,,,,,,,,,,,https://www.facebook.com/Il-Bracco-Restaurant-622107241549295/,http://instagram.com/ilbraccoparkcities,,,parkcities@ilbraccorestaurant.com,https://www.ilbraccorestaurant.com/,2021-08-17T04:04:48.095000,2021-08-17T04:04:48.095000,fb,2022-01-03T00:42:55.184000,2022-01-03T00:42:55.184000,,,,WordPress 5.7.2,careers@ilbraccorestaurant.com,https://www.ilbraccorestaurant.com/,2021-08-17T04:04:48.095000,2021-08-17T04:04:48.095000,,,,,,,,,,,,,,,,,,,,,,,,,,,,,,,,,,,,,,,,,,,,,,,,,,,,,,,,,,,,,,,,,,,,,,,,,,,,,,,,,,,,,,,,,,,,,,,,,,,,,,,,,,,,,,,,,,,,,,,,,,,,,,,,,,,,,,,,,,,,,,,,,,,,,,,,,,,,,,,,,,,,,,,,,,,,,,,,,,,,,,,,,,,,,,,,,,,,,,,,,,,,,,,,,,,,,,,,,,,,,,,,,,,,,,,,,,,,,,,,,,,,,,,,,,,,,
http://rd-kitchen.com/locations/dallas/,rd-kitchen.com,"Enjoy artisanal sandwiches, hearty salads and comforting entrees in exceptional, modern spaces from Napa to Dallas.",,R+D Kitchen,guestservices@hillstone.com,https://rd-kitchen.com/,2021-08-17T04:04:48.095000,2021-10-20T19:34:44.948000,hillstone@buyatab.com,https://rd-kitchen.com/giftcards/,2021-10-20T19:34:44.948000,2021-10-20T19:34:44.948000,8002309787,https://rd-kitchen.com/,2021-10-20T19:34:44.948000,2021-10-20T19:34:44.948000,3103953314,https://rd-kitchen.com/locations/santamonica/,2021-10-20T19:34:44.948000,2021-10-20T19:34:44.948000,9492190555,https://rd-kitchen.com/locations/newportbeach/,2021-10-20T19:34:44.948000,2021-10-20T19:34:44.948000,18883039134,https://rd-kitchen.com/giftcards/,2021-10-20T19:34:44.948000,2021-10-20T19:34:44.948000,7079450920,https://rd-kitchen.com/locations/yountville/,2021-10-20T19:34:44.948000,2021-10-20T19:34:44.948000,2148907900,https://rd-kitchen.com/locations/dallas/,2021-10-20T19:34:44.948000,2021-10-20T19:34:44.948000,,,,,https://rd-kitchen.com/locations/dallas/,2021-08-17T04:04:48.095000,2021-10-20T19:34:44.948000,https://rd-kitchen.com/contact/,2021-08-17T04:04:48.095000,2021-10-20T19:34:44.948000,https://rd-kitchen.com/locations/santamonica/,2021-08-17T04:04:48.095000,2021-10-20T19:34:44.948000,https://rd-kitchen.com/giftcards/,2021-08-17T04:04:48.095000,2021-10-20T19:34:44.948000,,,,,,,,,,,,,,,,,https://www.facebook.com/rdkitchensantamonica,https://www.instagram.com/therdkitchens,,,,,,,,,,,,,nanoc 4.9.4,,,,,,,,,,,,,,,,,,,,,,,,,,,,,,,,,,,,,,,,,,,,,,,,,,,,,,,,,,,,,,,,,,,,,,,,,,,,,,,,,,,,,,,,,,,,,,,,,,,,,,,,,,,,,,,,,,,,https://rd-kitchen.com/locations/santamonica/,2021-10-20T19:34:44.948000,2021-10-20T19:34:44.948000,https://rd-kitchen.com/locations/newportbeach/,2021-10-20T19:34:44.948000,2021-10-20T19:34:44.948000,,,,,,,,,,,,,,,,,,,,,,,,,,,,,,,,,,,,,,,,,,,,,,,,,,,,,,,,,,,,,,,,,,,,,,,,,,,,,,,,,,,,,,,,,,,,,,,,,,,,,,,,,,,,,,,,,,,,,,,,,,,,,,,,,,,,,,,,
http://www.mlcdallas.com/,mlcdallas.com,"Nick Badovinus' latest concept. Seafood Restaurant in Dallas, Texas",,Montlake Cut,,,,,,,,,,,,,,,,,,,,,,,,,,,,,,,,,,,,,,,,,,,,,,,,,,,,,,,,,,,,,,,,,,,,,mlc@mlcdallas.com,http://www.mlcdallas.com/,2021-11-30T07:51:52.031000,2021-11-30T07:51:52.031000,http://www.mlcdallas.com/dinner-menu,2021-11-30T07:51:52.031000,2021-11-30T07:51:52.031000,http://www.mlcdallas.com/dinner-menu-1,2021-11-30T07:51:52.031000,2021-11-30T07:51:52.031000,,,,,,,,,,,,,,,,,,,,,,,,,,,,,,,,,,,,,,,,,,,,,,,,,,,,,,,,,,,,,,,,,,,,,,,,,,,,,,,,,,,,,,,,,,,,,,,,,,,,,,,,,,,,,,,,,,,,,,,,,,,,,,,,,,,,,,,,,,,,,,,,,,,,,,,,,,,,,,,,,,,,,,,,,,,,,,,,,,,,,,,,,,,,,,,,,,,,,,,,,,,,,,,,,,,,,,,,,,,,,,,,,,,,,,,,,,,,,,,,,,,,,,,,,,,,,,,,,,
http://hudsonhousehp.com/,hudsonhousehp.com,"Inspired by the rich culinary history of the Hudson Valley, Dallas based Hudson House aims to pair that style of comfort food with the neighborhood vibe of the West Village in New York City.","Oysters, Dallas Oysters, Dallas Restaurant,  Oysters in Dallas, Oysters near me, Best Oysters, Best Cheeseburger, Where to eat Oysters in Dallas",Hudson House,careers@vandelayhospitality.com,https://www.hudsonhousehp.com/careers/,2022-03-14T04:47:07.590000,2022-03-14T04:47:07.590000,,,,,2145832255,https://www.hudsonhousehp.com/,2021-11-30T07:51:52.031000,2022-03-21T12:08:47.188000,2147025002,https://www.hudsonhousehp.com/,2021-11-30T07:51:52.031000,2022-03-21T12:08:47.188000,2143632882,https://www.hudsonhousehp.com/,2021-11-30T07:51:52.031000,2022-03-21T12:08:47.188000,,,,,,,,,,,,,,,,,,,,,,,,,,,,,,,,,,,,,,,,,,,,,http://www.facebook.com/HudsonHouseHP,http://instagram.com/thehudsonhouse,https://twitter.com/VandelayHG,,events@hudsonhousehp.com,https://www.hudsonhousehp.com/catering/,2021-11-30T07:51:52.031000,2022-03-21T12:08:47.188000,,,,,,,,,,,,,,,,,,,,,,,,,,,,,,,,,,,,,,,,,,,,,,,,,,,,,,,,,,,,,,,,,,,,,,,,,,,,,,,,,,,,,,,,,,,,,,,,,,,,,,,,,,,,,,,,,,,,,,,,,,https://www.linkedin.com/company/vandelay-hospitality-group/,,,,,,,,,,,,,,,,,,,,,,,,,,,,,,,,,,,,,,,,,,,,,,,,,,,,,,,,,,,,,,,,,,,,,,,,,,,,,,,,,,,,,,,,,,,,,,,,,,,,,,,,,,,,,,,,,,,,,,,,,,,,,,,,,,,,,,,,,,,,,,
https://www.truefoodkitchen.com/locations/dallas?utm_source=GMBlisting&utm_medium=organic&utm_content=website,truefoodkitchen.com,"Dine in or order online to enjoy our healthy, chef-driven, seasonal food & drinks. Our brunch, lunch, dinner & catering menus offer organic, gluten-free, vegan & vegetarian options",,True Food Kitchen | Health-driven Seasonal Restaurant & Scratch Bar,,,,,,,,,6027743488,https://www.truefoodkitchen.com/locations/,2021-10-20T19:34:44.948000,2021-10-20T19:34:44.948000,4802654500,https://www.truefoodkitchen.com/locations/,2021-10-20T19:34:44.948000,2021-10-20T19:34:44.948000,6027423000,https://www.truefoodkitchen.com/locations/,2021-10-20T19:34:44.948000,2021-10-20T19:34:44.948000,4802120175,https://www.truefoodkitchen.com/privacy/,2021-10-20T19:34:44.948000,2021-10-20T19:34:44.948000,+1 480-212-0175,fb,2022-01-03T01:12:00.219000,2022-01-03T01:12:00.219000,,,,,,,,,,,,,,,,,,,,,,,,,,,,,,,,,,,,,https://www.facebook.com/TrueFoodKitchen,http://instagram.com/livetruefood,,,pr@truefoodkitchen.com,https://www.truefoodkitchen.com/contact/,2021-08-17T04:04:48.095000,2021-10-20T19:34:44.948000,https://www.truefoodkitchen.com/talktotrue/,2021-08-17T04:04:48.095000,2021-10-20T19:34:44.948000,,,,wordpress,info@truefoodkitchen.com,https://www.truefoodkitchen.com/privacy/,2021-10-20T19:34:44.948000,2021-10-20T19:34:44.948000,,,,,,,amy@truefoodkitchen.com,Linkedin,2021-11-06T16:04:59.345000,2021-11-06T16:04:59.345000,,,,,,,,,,,,,,,,,,,,,,,,,,,,,,,,,,,,,,,,,,,,,,,,,,,,,,,,,,,,,,,,,,,,,,,,,,,,,,,,,,,,,,,,,,,,,,,,,,,,,,,,,,,,Amy Legere,recruiting manager,https://www.truefoodkitchen.com/privacy/,2021-10-20T19:34:44.948000,2021-10-20T19:34:44.948000,https://www.truefoodkitchen.com/contact/,2021-10-20T19:34:44.948000,2021-10-20T19:34:44.948000,,,,,,,,,,,,,,,,,,,,,,,,,,,,,,,,,,,,,,,,,,,,,,,,,,,,,,,,,,,,,,,,,,,,,,,,,,,,,,,,,,,,,,,,,,,,,,,,,,,,,,,,,,,,,,,,,,,,,,,,,,,,,,,,
https://locations.bucadibeppo.com/us/tx/dallas/7843-park-ln?utm_source=google&utm_campaign=local-listing&utm_medium=organic&utm_content=gmb&y_source=1_NDgxNzY1MS03MTUtbG9jYXRpb24ud2Vic2l0ZQ%3D%3D,locations.bucadibeppo.com,Browse all Buca di Beppo locations. Enjoy our authentic Italian food served family style. Host your next party at Buca or order catering.,,"Buca di Beppo locations | Family Style Dining, Catering",,,,,,,,,17045425146,https://locations.bucadibeppo.com/us/nc/pineville/10915-carolina-place-pkwy,2021-09-18T14:41:20.784000,2022-05-10T14:53:00.275000,18779552822,https://locations.bucadibeppo.com/us/nc/pineville/10915-carolina-place-pkwy,2021-09-18T14:41:20.784000,2022-05-10T14:53:00.275000,17706439463,https://locations.bucadibeppo.com/us/ga/alpharetta/2335-mansell-rd,2021-09-18T14:41:20.784000,2022-05-12T16:02:00.104000,12022328466,https://locations.bucadibeppo.com/us/dc/washington/1825-connecticut-ave-nw,2021-09-18T14:41:20.784000,2022-04-22T16:03:59.765000,15058722822,https://locations.bucadibeppo.com/us/nm/albuquerque/6520-americas-pkwy-ne,2021-09-18T14:41:20.784000,2022-05-12T16:02:00.104000,15024932426,https://locations.bucadibeppo.com/us/ky/louisville/2051-s-hurstbourne-pkwy,2021-09-18T14:41:20.784000,2022-05-12T16:02:00.104000,18169316548,https://locations.bucadibeppo.com/us/mo/kansas-city/310-w-47th-st,2021-09-18T14:41:20.784000,2022-05-11T12:33:41.369000,,,,,,,,,,,,,,,,,,,,,,,,,,,,,,,,,,,,,,,,,,,,,,,,,,,,,,,,,,,,,,,,,,,,,,,,,,,,,,,,,,,,,,,,,,,,,,,,,,,,,,,,,,,,,,,,,,,,,,,,,,,,,,,,,,,,,,,,,,,,,,,,,,,,,,,,,,,,,,,https://locations.bucadibeppo.com/us/nc/pineville/10915-carolina-place-pkwy,2021-09-18T14:41:20.784000,2022-05-10T14:53:00.275000,https://locations.bucadibeppo.com/us/nc/pineville/10915-carolina-place-pkwy,2021-10-02T10:21:48.201000,2022-05-10T14:53:00.275000,,,https://locations.bucadibeppo.com/us/dc/washington/1825-connecticut-ave-nw,2021-09-18T14:41:20.784000,2022-04-22T16:03:59.765000,https://locations.bucadibeppo.com/us/dc/washington/1825-connecticut-ave-nw,2021-10-02T09:22:11.187000,2022-04-22T16:03:59.765000,https://locations.bucadibeppo.com/us/ga/alpharetta/2335-mansell-rd,2021-09-18T14:41:20.784000,2022-05-12T16:02:00.104000,https://locations.bucadibeppo.com/us/dc/washington/1825-connecticut-ave-nw,2021-09-18T14:41:20.784000,2022-04-22T16:03:59.765000,https://locations.bucadibeppo.com/us/ga/alpharetta/2335-mansell-rd,2021-09-18T14:41:20.784000,2022-05-12T16:02:00.104000,https://locations.bucadibeppo.com/us/ga/alpharetta/2335-mansell-rd,2021-10-02T09:22:11.187000,2022-05-12T16:02:00.104000,https://locations.bucadibeppo.com/us/nm/albuquerque/6520-americas-pkwy-ne,2021-09-18T14:41:20.784000,2022-05-12T16:02:00.104000,https://locations.bucadibeppo.com/us/nm/albuquerque/6520-americas-pkwy-ne,2021-10-02T09:22:11.187000,2022-05-12T16:02:00.104000,https://locations.bucadibeppo.com/us/ky/louisville/2051-s-hurstbourne-pkwy,2021-09-18T14:41:20.784000,2022-05-12T16:02:00.104000,https://locations.bucadibeppo.com/us/ky/louisville/2051-s-hurstbourne-pkwy,2021-10-06T08:36:10.962000,2022-05-12T16:02:00.104000,https://locations.bucadibeppo.com/us/mo/kansas-city/310-w-47th-st,2021-09-18T14:41:20.784000,2022-05-11T12:33:41.369000,https://locations.bucadibeppo.com/us/mo/kansas-city/310-w-47th-st,2021-10-03T17:32:11.238000,2022-05-11T12:33:41.369000,15184592822,https://locations.bucadibeppo.com/us/ny/colonie/44-wolf-rd,2021-10-02T09:22:11.187000,2022-05-11T00:00:20.955000,https://locations.bucadibeppo.com/us/ny/colonie/44-wolf-rd,2021-10-02T09:22:11.187000,2022-05-11T00:00:20.955000,https://locations.bucadibeppo.com/us/ny/colonie/44-wolf-rd,2021-10-02T10:21:48.201000,2022-05-11T00:00:20.955000,16157781321,https://locations.bucadibeppo.com/us/tn/franklin/1722-galleria-blvd,2021-10-02T09:22:11.187000,2022-05-06T10:48:13.484000,https://locations.bucadibeppo.com/us/tn/franklin/1722-galleria-blvd,2021-10-02T09:22:11.187000,2022-05-06T10:48:13.484000,https://locations.bucadibeppo.com/us/tn/franklin/1722-galleria-blvd,2021-10-07T03:52:13.577000,2022-05-06T10:48:13.484000,18085910800,https://locations.bucadibeppo.com/us/hi/honolulu/1030-auahi-st,2021-10-02T10:21:48.201000,2022-05-08T11:38:59.568000,https://locations.bucadibeppo.com/us/hi/honolulu/1030-auahi-st,2021-10-02T10:21:48.201000,2022-05-08T11:38:59.568000,https://locations.bucadibeppo.com/us/hi/honolulu/1030-auahi-st,2021-10-03T17:32:11.238000,2022-05-08T11:38:59.568000,,,,,,,,,,,,,,,,,,,,,,,,,,,,,,,,,,,,,,,,,,,,,,,,,,,,,,,,,,,,,,,,,,,,
https://www.seasons52.com/locations/tx/dallas/dallas-northpark/4526?cmpid=br:s52_ag:ie_ch:loc_ca:S52GMB_sn:gmb_gt:dallas-tx-4526_pl:locurl_rd:1024,seasons52.com,,,,,,,,,,,,,,,,,,,,,,,,,,,,,,,,,,,,,,,,,,,,,,,,,,,,,,,,,,,,,,,,,,,,,,,,jdoe@seasons52.com,duckduckgo,2021-09-05T22:17:49.338000,2021-09-05T22:17:49.338000,,,,,,,,jane_doe@seasons52.com,duckduckgo,2021-09-05T22:17:49.338000,2021-09-05T22:17:49.338000,,,,,,,asteenhoek@seasons52.com,Linkedin,2021-11-06T16:04:59.345000,2021-11-06T16:04:59.345000,,,,,,,jwinner@seasons52.com,Linkedin,2021-11-06T16:04:59.345000,2021-11-06T16:04:59.345000,,,,,,,jwhite@seasons52.com,Linkedin,2021-11-06T16:04:59.345000,2021-11-06T16:04:59.345000,,,,,,,sanderson@seasons52.com,Linkedin,2021-11-13T19:16:14.476000,2021-11-13T19:16:14.476000,,,,,,,llawrence@seasons52.com,Linkedin,2021-11-13T19:16:14.476000,2021-11-13T19:16:14.476000,,,,,,,sjudge@seasons52.com,Linkedin,2021-11-14T15:28:56.660000,2021-11-14T15:28:56.660000,gmiliotes@seasons52.com,Linkedin,2021-11-14T15:28:56.660000,2021-11-14T15:28:56.660000,cpleau@seasons52.com,Linkedin,2021-11-14T15:28:56.660000,2021-11-14T15:28:56.660000,,,,,,,,,,,,,,,,,,,,,,,,,,,,,,,,,,,,,,,,,,,,,,,,,,Annie Steenhoek,server,,,,,,,,,,,,,,,,,,,,,,,,,,,,,,,,,,,,,,,,,,,,,,,,,,,,,,,,,,,,,,,,,,,Joseph Winner,managing partner,Jessica White,service manager,Shannon Anderson,Field Sales Manager,Lisa Lawrence,Brand Manager,Stephen Judge,Chief Executive Officer,George Miliotes,Beverage Director,Cliff Pleau,Executive Chef,,,,,,,,,,,,,,,,,,,,,,,,,,,,,,,,,,,,,,,,,,,,,,,,,,,,,,
https://www.maggianos.com/locations/texas/dallas/205-northpark-center?utm_source=google&utm_medium=organic&utm_campaign=Maggianos,maggianos.com,"Maggiano’s Little Italy is your destination restaurant for Italian-American dining, banquets, and catering. Find locations near you or order to-go!",,Maggiano's Little Italy | Italian-American Restaurant | Banquets & Catering,mg0218.roosevelt-generalmanager@brinker.com,https://maggianos.com/catering,2021-08-17T04:04:48.095000,2021-08-17T04:04:48.095000,mg0219del@brinker.com,https://maggianos.com/catering,2021-08-17T04:04:48.095000,2021-08-17T04:04:48.095000,,,,,,,,,,,,,,,,,,,,,,,,,,,,,,,,,,,,,,,,,,,,,,,,,,,,,mg0219delivery@brinker.com,https://maggianos.com/catering,2021-08-17T04:04:48.095000,2021-08-17T04:04:48.095000,https://www.facebook.com/Maggianos,https://instagram.com/maggianoslittleitaly,https://twitter.com/Maggianos,https://www.youtube.com/user/MaggianosLittleItaly,scottsdale.delivery@maggianos.com,https://maggianos.com/catering,2021-08-17T04:04:48.095000,2021-08-17T04:04:48.095000,,,,,,,,sanjose.delivery@maggianos.com,https://maggianos.com/catering,2021-08-17T04:04:48.095000,2021-08-17T04:04:48.095000,,,,,,,southcoastplaza.delivery@maggianos.com,https://maggianos.com/catering,2021-08-17T04:04:48.095000,2021-08-17T04:04:48.095000,,,,,,,thegrove.delivery@maggianos.com,https://maggianos.com/catering,2021-08-17T04:04:48.095000,2021-08-17T04:04:48.095000,,,,,,,woodlandhills.delivery@maggianos.com,https://maggianos.com/catering,2021-08-17T04:04:48.095000,2021-08-17T04:04:48.095000,,,,,,,denver.delivery@maggianos.com,https://maggianos.com/catering,2021-08-17T04:04:48.095000,2021-08-17T04:04:48.095000,,,,,,,denversouth.delivery@maggianos.com,https://maggianos.com/catering,2021-08-17T04:04:48.095000,2021-08-17T04:04:48.095000,,,,,,,chevychase.delivery@maggianos.com,https://maggianos.com/catering,2021-08-17T04:04:48.095000,2021-08-17T04:04:48.095000,pointeorlando.delivery@maggianos.com,https://maggianos.com/catering,2021-08-17T04:04:48.095000,2021-08-17T04:04:48.095000,jacksonville.delivery@maggianos.com,https://maggianos.com/catering,2021-08-17T04:04:48.095000,2021-08-17T04:04:48.095000,maggianos.sanantoniodelivery@brinker.com,,,https://maggianos.com/catering,2021-08-17T04:04:48.095000,2021-08-17T04:04:48.095000,MG0182@MAGGIANOS.COM,Tony  Roethler,,ZInfo,2022-03-04T17:34:37.106000,2022-03-04T17:34:37.106000,,,,,,,,,,,,,,,,,,,,,,,,,,,,,,,https://www.linkedin.com/company/maggiano,,,,,,,,,,,,,,,,,,,,,,,,,,,,,,,,,,,,,,,,,,,,,,,,,,,,,,,,,,,,,,,,,,,,,,,,,,,,,,,,,,,,,,,,,bocaraton.delivery@maggianos.com,https://maggianos.com/catering,2021-08-17T04:04:48.095000,2021-08-17T04:04:48.095000,tampa.delivery@maggianos.com,https://maggianos.com/catering,2021-08-17T04:04:48.095000,2021-08-17T04:04:48.095000,buckhead.delivery@maggianos.com,https://maggianos.com/catering,2021-08-17T04:04:48.095000,2021-08-17T04:04:48.095000,cumberland.delivery@maggianos.com,https://maggianos.com/catering,2021-08-17T04:04:48.095000,2021-08-17T04:04:48.095000,perimeter.delivery@maggianos.com,https://maggianos.com/catering,2021-08-17T04:04:48.095000,2021-08-17T04:04:48.095000,chicago.delivery@maggianos.com,https://maggianos.com/catering,2021-08-17T04:04:48.095000,2021-08-17T04:04:48.095000,naperville.delivery@maggianos.com,https://maggianos.com/catering,2021-08-17T04:04:48.095000,2021-08-17T04:04:48.095000,vernonhills.delivery@maggianos.com,https://maggianos.com/catering,2021-08-17T04:04:48.095000,2021-08-17T04:04:48.095000,oakbrook.delivery@maggianos.com,https://maggianos.com/catering,2021-08-17T04:04:48.095000,2021-08-17T04:04:48.095000,schaumburg.delivery@maggianos.com,https://maggianos.com/catering,2021-08-17T04:04:48.095000,2021-08-17T04:04:48.095000,oldorchard.delivery@maggianos.com,https://maggianos.com/catering,2021-08-17T04:04:48.095000,2021-08-17T04:04:48.095000,,,,,,,,,,
http://www.konagrill.com/locations/dallas-tx,konagrill.com,"Classic American Grill With Fresh Seafood, Great Steak & Chops, Complemented By Best Choice Of Sushi & Margaritas At Any Grill In America","kona grill, kona grill fashion square, kona grill cincinnati, kona grill ridgedale, kona grill minnetonka, kona grill scottsdale, kona grill san tan, kona grill liberty center, kona grill perkins rowe, kona grill north star,",Kona Grill | America's Grill | Seafood | Steak | Sushi | Margaritas,info@togrp.com,https://www.konagrill.com/more/privacy-policy,2021-08-20T14:23:28.109000,2021-08-20T14:23:28.109000,Dempsey@konagrill.Com,ZInfo,2022-03-03T18:58:06.318000,2022-03-03T18:58:06.318000,,,,,,,,,,,,,,,,,,,,,,,,,,,,,,,,,,,,,,,,,,,,,,,,,,,,,Marcusj@konagrill.Com,ZInfo,2022-03-03T18:58:06.318000,2022-03-03T18:58:06.318000,https://www.facebook.com/konagrill,http://instagram.com/konagrill,http://twitter.com/konagrill,,grill@konagrill.com,Linkedin,2021-11-06T16:04:59.345000,2021-11-06T16:04:59.345000,,,,,,,concrete5 - 8.2.1,kona@konagrill.com,Linkedin,2021-11-06T16:04:59.345000,2021-11-06T16:04:59.345000,,,,,,,rcheney@konagrill.com,Linkedin,2021-11-06T16:04:59.345000,2021-11-06T16:04:59.345000,,,,,,,jennifer.ezra@konagrill.com,Linkedin,2021-11-06T16:04:59.345000,2021-11-06T16:04:59.345000,,,,,,,salomone@konagrill.com,Linkedin,2021-11-06T16:04:59.345000,2021-11-06T16:04:59.345000,,,,,,,ratcliff@konagrill.com,Linkedin,2021-11-06T16:04:59.345000,2021-11-06T16:04:59.345000,,,,,,,pyun@konagrill.com,Linkedin,2021-11-06T16:04:59.345000,2021-11-06T16:04:59.345000,,,,,,,pacinelli@konagrill.com,Linkedin,2021-11-06T16:04:59.345000,2021-11-06T16:04:59.345000,tellez@konagrill.com,Linkedin,2021-11-06T16:04:59.345000,2021-11-06T16:04:59.345000,hing@konagrill.com,Linkedin,2021-11-06T16:04:59.345000,2021-11-06T16:04:59.345000,,,,,,,,,,,,,,,,,,,,,,,,,,,,,,,,,,,,,,,,,,,https://www.linkedin.com/company/kona-grill,,,,,,,Robert W Cheney,assistant general manager,,,,,,,,,,,,,,,,,,,,,,,,,,,,,,,,,,,,,,,,,,,,,,,,,,,,,,,,,,,,,,,,,,,Jennifer Ezra,professional organizer,Julie Salomone,human resources,Teresa Ratcliff,architecture and development manager,Cindy Pyun,director of training,Andria Pacinelli,sr. director of development,Victoria Tellez,administrative assistant,Christi Hing,chief financial officer,,,,,,,,,,,,,,,,,,,,,,,,,,,,,,,,,,,,,,,,,,,,,Donald Dempsey,,Marcus E Jundt,,Grill Boise,assistant general manager,Jony Kona Kona,line cook,,
http://www.thetacojoint.com/,thetacojoint.com,,tex-mex tex-mex food tex-mex restaurant tex-mex lakewood tex-mex richardson tex-mex preston center tex-mex dallas tex-mex DFW tex-mex east dallas tex-mex mockingbird taco joint lakewood taco joint peak street taco joint peak taco joint richardson taco joint preston taco joint preston center taco joint east dallas taco joint mockingbird taco franchise taco joint franchise tex-mex franchise tex-mex franchise opportunity Corey McCauley Corey McCauley Taco Joint Corey McCauley franchise family-friendly family restaurant family-friendly tex-mex famiy-friendly restaurant dallas outstanding customer service thetacojoint.com the taco joint breakfast tacos dallas the gaston grab jalapeno ranch all-day breakfast Porkiladas SMU Alamo Draft House Alamo Draft House Richardson Lower Greenville,Home - Taco Joint,jeffreykowitz@gmail.com,https://thetacojoint.com/comments/,2022-04-20T08:33:41.695000,2022-04-20T08:33:41.695000,tacojointlw@gmail.com,https://thetacojoint.com/comments/,2022-04-20T08:33:41.695000,2022-04-20T08:33:41.695000,,,,,,,,,,,,,,,,,,,,,,,,,,,,,,,,,,,,,,,,,,,,,,,,,,,,,cdm033@yahoo.com,https://thetacojoint.com/comments/,2022-04-20T08:33:41.695000,2022-04-20T08:33:41.695000,https://www.facebook.com/thetacojointdallas,https://www.instagram.com/thetacojoint,http://twitter.com/tacojoint,,jobs@thetacojoint.com,https://thetacojoint.com/comments/,2022-04-20T08:33:41.695000,2022-04-20T08:33:41.695000,,,,,,,wordpress,,,,,,,,,,,,,,,,,,,,,,,,,,,,,,,,,,,,,,,,,,,,,,,,,,,,,,,,,,,,,,,,,,,,,,,,,mhdevelopmentco@gmail.com,,,https://thetacojoint.com/comments/,2022-04-20T08:33:41.695000,2022-04-20T08:33:41.695000,tacojointpreston@gmail.com,,,https://thetacojoint.com/comments/,2022-04-20T08:33:41.695000,2022-04-20T08:33:41.695000,,,,,,,,,,,,,,,,,,,,,,,,,,,,,,,,,,,,,,,,,,,,,,,,,,,,,,,,,,,,,,,,,,,,,,,,,,,,,,,,,,,,,,,,,,,,,,,,,,,,,,,,,,,,,,,,,,,,,,,,,,,,,,,,,,,,,,,,,,,,,,,,,,,,,,,,,,,,,,,,,,,,,,,,,,,,,
https://www.nordstrom.com/store-details/nordstrom-northpark-center?utm_source=google&utm_medium=organic&utm_campaign=food&utm_content=22723&utm_channel=low_nd_seo_local&sp_source=google&sp_campaign=food,nordstrom.com,,,,ADAM.GORACKE@NORDSTROM.COM,ZInfo,2022-03-02T18:00:47.122000,2022-03-02T18:00:47.122000,ADAM.MCCASLAND@NORDSTROM.COM,ZInfo,2022-03-02T18:00:47.122000,2022-03-02T18:00:47.122000,,,,,,,,,,,,,,,,,,,,,,,,,,,,,,,,,,,,,,,,,,,,,,,,,,,,,ADAM.SEED@NORDSTROM.COM,ZInfo,2022-03-02T18:00:47.122000,2022-03-02T18:00:47.122000,,,,,contact@nordstrom.com,duckduckgo,2021-09-02T16:52:56.687000,2021-09-02T16:52:56.687000,https://certifiedlegalfunding.com/recalls/,2021-09-06T21:08:27.004000,2021-09-06T21:08:27.004000,,,,,rsvp@nordstrom.com,https://www.lesliebethel.com/work,2021-10-08T21:10:15.050000,2021-10-08T21:10:15.050000,,,,,,,tonya.young@nordstrom.com,Linkedin,2021-11-06T16:04:59.345000,2021-11-06T16:04:59.345000,,,,,,,natalie.rocha@nordstrom.com,Linkedin,2021-11-06T16:04:59.345000,2021-11-06T16:04:59.345000,,,,,,,stephanie.scaggs@nordstrom.com,Linkedin,2021-11-06T16:04:59.345000,2021-11-06T16:04:59.345000,,,,,,,kenneth.brown@nordstrom.com,Linkedin,2021-11-06T16:04:59.345000,2021-11-06T16:04:59.345000,,,,,,,gina.robinson@nordstrom.com,Linkedin,2021-11-06T16:04:59.345000,2021-11-06T16:04:59.345000,,,,,,,mark.hagen@nordstrom.com,Linkedin,2021-11-06T16:04:59.345000,2021-11-06T16:04:59.345000,scarlet.roa@nordstrom.com,Linkedin,2021-11-06T16:04:59.345000,2021-11-06T16:04:59.345000,ayanna.riser@nordstrom.com,Linkedin,2021-11-06T16:04:59.345000,2021-11-06T16:04:59.345000,AIKO.ENDOW@NORDSTROM.COM,Aiko  Endow,,ZInfo,2022-03-02T18:00:47.122000,2022-03-02T18:00:47.122000,AILEEN.BLACKMORE@NORDSTROM.COM,Aileen  Blackmore,,ZInfo,2022-03-02T18:00:47.122000,2022-03-02T18:00:47.122000,AIME.LIPPENCOTT@NORDSTROM.COM,Amy  Lippencott,,ZInfo,2022-03-02T18:00:47.122000,2022-03-02T18:00:47.122000,AIMEE.CORR@NORDSTROM.COM,Aimee  Corr,,ZInfo,2022-03-02T18:00:47.122000,2022-03-02T18:00:47.122000,AIMEE.HILLBLOM@NORDSTROM.COM,Aimee  Hillblom,,ZInfo,2022-03-02T18:00:47.122000,2022-03-02T18:00:47.122000,AIMEE.STEVENSON@NORDSTROM.COM,Aimee  Stevenson,,ZInfo,2022-03-02T18:00:47.122000,2022-03-02T18:00:47.122000,AJOY.CHERIAN@NORDSTROM.COM,Ajoy  Cherian,,ZInfo,2022-03-02T18:00:47.122000,2022-03-02T18:00:47.122000,,,,,,,,Tonya Young,boise nordstrom rack store manager,,,,,,,,,,,,,,,,,,,,,,,,,,,,,,,,,,,,,,,,,,,,,,,,,,,,,,,,,,,,,,,,,,,Natalie Rocha,loss prevention manager,Stephanie Scaggs,womens department sales,Kenneth Brown,customer service representative,Gina Robinson,customer service representative,Mark Hagen,internal audit intern,Scarlet Roa,store administrator,Ayanna Ruthcash Riser,store administrator,,,,,,,,,,,,,,,,,,,,,,,,,,,,,,,,,,,,,,,,,,,,,Adam  Mccasland,,Adam  Seed,,,,,,Adam  Goracke,
http://hillstonerestaurant.com/locations/dallas-parkcities/,hillstonerestaurant.com,"Classic American cuisine, warm modern spaces featuring striking artwork, and extraordinary service in a casual setting.",,Hillstone,guestservices@hillstone.com,https://hillstonerestaurant.com/,2021-08-17T04:04:48.095000,2021-10-20T19:34:44.948000,hillstone@buyatab.com,https://hillstonerestaurant.com/giftcards/,2021-10-20T19:34:44.948000,2021-10-20T19:34:44.948000,8002309787,https://hillstonerestaurant.com/,2021-10-20T19:34:44.948000,2021-10-20T19:34:44.948000,3055290141,https://hillstonerestaurant.com/locations/coralgables/,2021-10-20T19:34:44.948000,2021-10-20T19:34:44.948000,3105767558,https://hillstonerestaurant.com/locations/santamonica/,2021-10-20T19:34:44.948000,2021-10-20T19:34:44.948000,2146918991,https://hillstonerestaurant.com/locations/dallas-parkcities/,2021-10-20T19:34:44.948000,2021-10-20T19:34:44.948000,7135292385,https://hillstonerestaurant.com/locations/houston/,2021-10-20T19:34:44.948000,2021-10-20T19:34:44.948000,3033334688,https://hillstonerestaurant.com/locations/denver/,2021-10-20T19:34:44.948000,2021-10-20T19:34:44.948000,6029579700,https://hillstonerestaurant.com/locations/phoenix/,2021-10-20T19:34:44.948000,2021-10-20T19:34:44.948000,https://hillstonerestaurant.com/locations/denver/,2021-08-17T04:04:48.095000,2021-10-20T19:34:44.948000,https://hillstonerestaurant.com/locations/sanfrancisco/,2021-08-17T04:04:48.095000,2021-08-17T04:04:48.095000,https://hillstonerestaurant.com/gallery/,2021-08-17T04:04:48.095000,2021-10-20T19:34:44.948000,https://hillstonerestaurant.com/about/,2021-08-17T04:04:48.095000,2021-10-20T19:34:44.948000,,,,,,,,,,,,,,,,,https://www.facebook.com/Hillstone-in-Coral-Gables-112402342167721/,https://www.instagram.com/hillstonerestaurant,,,,,,,,,,,,,nanoc 4.9.4,,,,,,,,,,,,,,,,,,,,,,,,,,,,,,,,,,,,,,,,,,,,,,,,,,,,,,,,,,,,,,,,,,,,,,,,,,,,,,,,,,,,,,,,,,,,,,,,,,,,,,,,,,,,,,,,,,,,https://hillstonerestaurant.com/locations/coralgables/,2021-10-20T19:34:44.948000,2021-10-20T19:34:44.948000,https://hillstonerestaurant.com/gallery/,2021-10-20T19:34:44.948000,2021-10-20T19:34:44.948000,,,,,,,,,,,,,,,,,,,,,,,,,,,,,,,,,,,,,,,2126891090,https://hillstonerestaurant.com/locations/nyc-parkavenuesouth/,2021-10-20T19:34:44.948000,2021-10-20T19:34:44.948000,,,,,,,18883039134,https://hillstonerestaurant.com/giftcards/,2021-10-20T19:34:44.948000,2021-10-20T19:34:44.948000,,,,,,,,,,,,,,,,,,,,,,,,,,,,,,,,,,,,,,,,,,,,,,,,,,,,,,,,,,,,,,,,,,,,,,,,,,,,,,,,,,,,
https://locations.thecheesecakefactory.com/tx/dallas-26.html?utm_source=Google&utm_medium=Maps&utm_campaign=Google+Places,locations.thecheesecakefactory.com,"Maps, Driving Directions and Local Restaurant Information.",,The Cheesecake Factory Restaurant Locations,,,,,,,,,,,,,,,,,,,,,,,,,,,,,,,,,,,,,,,,,,,,,,,,,,,,,,,,,,,,,,,,,https://www.facebook.com/thecheesecakefactory,http://www.instagram.com/cheesecakefactory,https://www.twitter.com/cheesecake,https://www.youtube.com/user/TCFMarketing,,,,,,,,,,,,,,,,,,,,,,,,,,,,,,,,,,,,,,,,,,,,,,,,,,,,,,,,,,,,,,,,,,,,,,,,,,,,,,,,,,,,,,,,,,,,,,,,,,,,,,,,,,,,,,,,,,,,,,,,,,,,,,,,,,,,,,,,,,,,,,,,,,,,,,,,,,,,,,,,,,,,,,,,,,,,,,,,,,,,,,,,,,,,,,,,,,,,,,,,,,,,,,,,,,,,,,,,,,,,,,,,,,,,,,,,,,,,,,,,,,,,,,,,,,,,,,,,,,,,,,,,,,,,
https://www.elfenix.com/,elfenix.com,"El Fenix Mexican Restaurants, The Original Tex Mex. A STORY 100 YEARS IN THE MAKING. Come join us at any of our locations for Lunch or Dinner.",,El Fenix Mexican Restaurants - The Original Tex Mex - Best Mexican Food in TX,,,,,,,,,+1 214-747-1121,fb,2021-12-17T10:41:12.409000,2022-02-01T05:16:59.252000,,,,,,,,,,,,,,,,,,,,,,,,,,,,,,,,,,,,,,,,,,,,,,,,,,,,,https://www.facebook.com/ElFenixMexicanRestaurant/,https://www.instagram.com/elfenixmexican,https://twitter.com/ElFenixMexican,,feedback@elfenix.com,fb,2021-12-17T10:41:12.409000,2022-02-01T05:16:59.252000,,,,,,,WordPress 5.8.2,,,,,,,,,,,,,,,,,,,,,,,,,,,,,,,,,,,,,,,,,,,,,,,,,,,,,,,,,,,,,,,,,,,,,,,,,,,,,,,,,,,,,,,,,,,,,,,,,,,,,,,,,,,,,,,,,,,,,,,,,,,,,,,,,,,,,,,,,,,,,,,,,,,,,,,,,,,,,,,,,,,,,,,,,,,,,,,,,,,,,,,,,,,,,,,,,,,,,,,,,,,,,,,,,,,,,,,,,,,,,,,,,,,,,,,,,,,,,,,,,,,,,,,,,,,,,,,,,
https://www.malaikitchen.com/,malaikitchen.com," Best Thai & Vietnamese Restaurant in Dallas, located Uptown in West Village. Offering Brunch, Happy Hour, Home Brew, Growler Fill, vegan and vegetarian options","Best Brunch in Dallas, Best thai food in Dallas, Cheap Drinks, Cocktails Dallas, Happy Hour Deals, asian food Dallas, dallas thai food, drink specials, ethnic, great restaurant, growler, home brew, thai, vegan, vegetarian",Malai Kitchen ,,,,,,,,,,,,,,,,,,,,,,,,,,,,,,,,,,,,,,,,,,,,,,,,,,,,,,,,,,,,,,,,,,,,,clearfork@malaikitchen.com,https://www.malaikitchen.com/fort-worth-cdjm,2021-08-17T04:04:48.095000,2021-08-17T04:04:48.095000,,,,,,,Wix.com Website Builder,southlake@malaikitchen.com,https://www.malaikitchen.com/sl-contact,2021-08-17T04:04:48.095000,2021-08-17T04:04:48.095000,,,,,,,info@malaikitchen.com,https://www.malaikitchen.com/contact,2021-08-17T04:04:48.095000,2021-08-17T04:04:48.095000,,,,,,,,,,,,,,,,,,,,,,,,,,,,,,,,,,,,,,,,,,,,,,,,,,,,,,,,,,,,,,,,,,,,,,,,,,,,,,,,,,,,,,,,,,,,,,,,,,,,,,,,,,,,,,,,,,,,,,,,,,,,,,,,,,,,,,,,,,,,,,,,,,,,,,,,,,,,,,,,,,,,,,,,,,,,,,,,,,,,,,,,,,,,,,,,,,,,,,,,,,,,,,,,,,,,,,,,,,,,,,,,,,,,,,,,,,,,,,,,,,,
http://www.muchachotexmex.com/,muchachotexmex.com,,,"Muchacho Tex Mex - Dallas, TX & Southlake, TX - Muchacho Tex Mex",,,,,,,,,4695132944,http://muchachotexmex.com,2021-12-29T19:48:08.149000,2021-12-29T19:48:08.149000,6824774500,http://muchachotexmex.com,2021-12-29T19:48:08.149000,2021-12-29T19:48:08.149000,,,,,,,,,,,,,,,,,,,,,,,,,,,,,,,,,,,,,,,,,,,,,,,,,https://www.facebook.com/muchachotexmex/,https://www.instagram.com/ChefOmarFlores,,,info@muchachotexmex.com,http://muchachotexmex.com,2021-12-29T19:48:08.149000,2021-12-29T19:48:08.149000,http://muchachotexmex.com/southlake-tex-mex/,2021-12-29T19:48:08.149000,2021-12-29T19:48:08.149000,http://muchachotexmex.com/dallas-tex-mex/,2021-12-29T19:48:08.149000,2021-12-29T19:48:08.149000,WordPress 5.8,,,,,,,,,,,,,,,,,,,,,,,,,,,,,,,,,,,,,,,,,,,,,,,,,,,,,,,,,,,,,,,,,,,,,,,,,,,,,,,,,,,,,,,,,,,,,,,,,,,,,,,,,,,,,,,,,,,,http://muchachotexmex.com/dallas-tex-mex/,2021-12-29T19:48:08.149000,2021-12-29T19:48:08.149000,,,,,,,,,,,,http://muchachotexmex.com/southlake-tex-mex/,2021-12-29T19:48:08.149000,2021-12-29T19:48:08.149000,,,,,,,,,,,,,,,,,,,,,,,,,,,,,,,,,,,,,,,,,,,,,,,,,,,,,,,,,,,,,,,,,,,,,,,,,,,,,,,,,,,,,,,,,,,,,,,,,,,,,,,,,,,,,,,,,,,,,,,,,,,,,
http://gofishpoketexas.com/,gofishpoketexas.com,,,Account Suspended,,,,,,,,,,,,,,,,,,,,,,,,,,,,,,,,,,,,,,,,,,,,,,,,,,,,,,,,,,,,,,,,,https://www.facebook.com/gofishpoketexas/,https://www.instagram.com/gofishpoketexas,https://twitter.com/gofishpoketexas,,webmaster@gofishpoketexas.com,http://gofishpoketexas.com/cgi-sys/suspendedpage.cgi,2022-05-12T16:02:00.104000,2022-05-12T16:02:00.104000,,,,,,,WordPress 4.9.20,,,,,,,,,,,,,,,,,,,,,,,,,,,,,,,,,,,,,,,,,,,,,,,,,,,,,,,,,,,,,,,,,,,,,,,,,,,,,,,,,,,,,,,,,,,,,,,,,,,,,,,,,,,,,,,,,,,,,,,,,,,,,,,,,,,,,,,,,,,,,,,,,,,,,,,,,,,,,,,,,,,,,,,,,,,,,,,,,,,,,,,,,,,,,,,,,,,,,,,,,,,,,,,,,,,,,,,,,,,,,,,,,,,,,,,,,,,,,,,,,,,,,,,,,,,,,,,,,
https://roti.com/?utm_source=facebook&utm_medium=Yext&y_source=1_MjYwNTAzNzYtNzE1LWxvY2F0aW9uLmdvb2dsZV93ZWJzaXRlX292ZXJyaWRl,roti.com,,,Rōti,,,,,,,,,,,,,,,,,,,,,,,,,,,,,,,,,,,,,,,,,,,,,,,,,,,,,,,,,,,,,,,,,,,,,bpost@roti.com,Linkedin,2021-11-13T19:16:40.181000,2021-11-13T19:16:40.181000,,,,,,,,bholleman@roti.com,Linkedin,2021-11-13T19:16:40.181000,2021-11-13T19:16:40.181000,,,,,,,jwestlund@roti.com,Linkedin,2021-11-13T19:16:14.476000,2021-11-13T19:16:14.476000,,,,,,,jcahillane@roti.com,Linkedin,2021-11-13T19:16:14.476000,2021-11-13T19:16:14.476000,,,,,,,pmolthan@roti.com,Linkedin,2021-11-14T10:51:02.022000,2021-11-14T10:51:02.022000,,,,,,,julie@roti.com,Linkedin,2021-11-14T10:51:02.022000,2021-11-14T10:51:02.022000,,,,,,,,,,,,,,,,,,,,,,,,,,,,,,,,,,,,,,,,,,,,,,,,,,,,,,,,,,,,,,,,,,,,,,,,,,,,,,Justin Westlund,Catering Sales Manager,,,,,,,,,,,,,,,,,,,,,,,,,,,,,,,,,,,,,,,,,,,,,,,,,,,,,,,,,,,,,,,,,,,Jack Cahillane,General Manager,Paul Molthan,Chef,Julie Weber,Senior Catering Sales Manager,,,,,,,,,,,,,,,,,,,,,,,,,,,,,,,,,,,,,,,,,,,,,,,,,,,,,,,,,William Post,Co-Founder and President,Bill Holleman,Director of Operations,,
http://www.rexsseafood.com/,rexsseafood.com,,,Rex's Seafood,,,,,,,,,12147580566,http://rexsseafood.com,2021-10-03T17:32:11.238000,2022-01-03T06:56:42.689000,12142729372,http://rexsseafood.com,2021-10-03T17:32:11.238000,2022-01-03T06:56:42.689000,,,,,,,,,,,,,,,,,,,,,,,,,,,,,,,,,,,,,,,,,,,,,,,,,https://www.facebook.com/1580195052247355,,https://www.twitter.com/Rexsseafood,,beau@rexsseafood.com,duckduckgo,2022-01-03T06:59:03.744000,2022-01-03T06:59:03.744000,,,,,,,,catering@rexsseafood.com,duckduckgo,2022-01-03T06:59:03.744000,2022-01-03T06:59:03.744000,,,,,,,,,,,,,,,,,,,,,,,,,,,,,,,,,,,,,,,,,,,,,,,,,,,,,,,,,,,,,,,,,,,,,,,,,,,,,,,,,,,,,,,,,,,,,,,,,,,,,,,,,,,,,,,,,,,,,,,,,,,,,,,,,,,,,,,,,,,,,,,,,,,,,,,,,,,,,,,,,,,,,,,,,,,,,,,,,,,,,,,,,,,,,,,,,,,,,,,,,,,,,,,,,,,,,,,,,,,,,,,,,,,,,,,,,,,,,,,,,,,,,,,,,,,,,

